日本麗克特Carre 調理鍋,日本 recolte,1614240,2280,https://market.icook.tw//products/recolte-carre,"品名：日本麗克特 Carre 調理鍋,內容物：主機、上蓋、陶瓷鍋、燒烤盤、控油架、蒸架、21 道專用精緻食譜,型號：RPD-4,顏色：經典紅、奶油白、磨砂灰,尺寸：<code>主機</code> W20 x D20 x H17.5cm,電線長度：1m,陶瓷鍋容量：1.3L,重量：1350g,電壓：110V／60Hz,功率：650W,材質：<code>本體</code> 鋼、PBT 樹脂 ／<code>陶瓷鍋</code> 金屬合金（陶瓷塗層）/ <code>燒烤盤</code><code></code> 金屬合金（不沾黏塗層）／<code>上蓋</code> 不鏽鋼、PBT 樹脂／<code>控油架、蒸架</code> 不鏽鋼 ,產地：日本品牌，日本設計，中國製造,保固：機體原廠 1 年保固,商品驗證識別號碼: R35178,產品責任險：本商品已投保新光產險 3200 萬產品責任險"
Festino美容導入儀2.0升級款,日本 recolte,455120,2280,https://market.icook.tw//products/recolte-festino,"品名：日本 Festino 音波熱感美容儀 2.0 升級款,型號：SMHB-023,顏色：粉,尺寸：約W18.5×D18.5×H128mm,材質：ABS、鋅合金,重量：約 27g,電壓：USB 電源（DC5V／1A）,產地：日本品牌，日本設計，中國製造"
one-meter 玻啵鍋,one meter,3438839,2880,https://market.icook.tw//products/one-meter,"品名：one-meter 玻啵鍋,內容物：主機、玻璃內鍋、烤架、說明書,尺寸：D23xW19xH22cm,容量：2L,重量：2.55kg,額定電壓／頻率：110V／60Hz,總額定消耗功率：700W,溫度範圍：120～180°C,產地：台灣品牌，中國製造,認證：<a href=""https://imgur.com/4rtBQvn"" rel=""nofollow noopener"" target=""_blank"">符合 BSMI 合格檢驗</a>"
SWANZ 動飲杯｜直飲吸管開蓋三合一,Swanz,663880,1380,https://market.icook.tw//products/swanzluna,"<span style=""font-size: 11pt;"">品名：矽膠清潔刷</span>,尺寸：Ø5cmx30cm,重量：30g,材質：矽膠,產地：中國製造"
愛酷傘｜防風瞬開超大折疊傘,iCook 愛料理精選好物,,390,https://market.icook.tw//products/umbrella,"品名：愛酷傘｜防風瞬開超大折疊傘,顏色：純黑、鐵灰、墨綠、深藍,尺寸：<code>弧面</code> 138cm／<code>展開</code> Φ120xH70cm ／<code>折疊</code> D37xW7cm,重量：480g,材質：鋁合金、玻璃纖維、POLYESTER布料,產地：台灣品牌，台灣設計，中國製造"
Dr. Fu 酸痛按摩師,Dr. Fu,117440,1990,https://market.icook.tw//products/drfu,"品名：Dr. Fu 酸痛按摩師,材質：EVA 彈力泡棉、ABS,耐重：可達 135 kg,尺寸：D65xW19xH8.9 cm,產地：美國品牌，美國設計，中國製造"
日本阿拉丁0.2秒320度瞬熱烤箱旗艦款,日本千石阿拉丁,3532000,10900,https://market.icook.tw//products/aladdin,"品名：日本美濃燒 Sowaca 單柄陶盤+雙耳陶盤,規格：<code>圓形雙耳陶盤</code> D28cm×W23.3cmxH5.8cm／<code>單柄多用途陶盤</code> D19.5cmxW26cmxH3.5cm,產地：日本品牌，日本設計，日本手工製造,貼心提醒：本產品不適用於 IH 調理爐"
日本KOM 瞬熱式智能飲水機,KOM,,3280,https://market.icook.tw//products/kom-water,"品名：日本KOM 瞬熱式智能飲水機,尺寸：D22xW18.8xH31 cm,電壓：110V／60Hz,功率：1500W,重量：4.3kg,製熱水能力：280ml／分,產地：日本品牌，中國製造,檢驗：BSMI 號碼 CI410062900329"
義大利雙口免安裝 IH 聚嗨爐,義大利 Giaretti,951706,5990,https://market.icook.tw//products/ihtwopot,"品名：原木矽膠餐具 5 件組,內容物：櫸木柄矽膠鍋鏟、櫸木柄矽膠湯勺、櫸木柄矽膠料理刷、櫸木柄矽膠夾、廚具收納桶,材質：耐熱矽膠,產地：中國製造，台灣監製"
WOKY 恰恰鍋,WOKY,7264042,3980,https://market.icook.tw//products/woky-pot,"<p style=""text-align: left;""><span style=""font-size: 14pt;""><span style=""color: #3f3f3f; font-family: Rubik, -apple-system, BlinkMacSystemFont, Segoe UI, 微軟正黑體, Microsoft JhengHei, sans-serif;""><span style=""caret-color: #3f3f3f;"">品名：WOKY恰恰鍋蓋集水架,材質：矽膠,尺寸：D7.5xW3xH5 cm,產地：台灣品牌，台灣設計，中國製造</span></span></span>"
德國真空破壁調理機,德國藍寶 BLAUPUNKT,4945090,4990,https://market.icook.tw//products/blender-blaupunkt,"品名：德國藍寶真空破壁調理機,型號：BPH-M01B,產品尺寸：<code>本體</code> D19.7XW20.7xH47.2 cm <code>壺體</code> W15.1xD21.6xH29.4cm,重量：<code>本體</code> 4.1kg <code>壺體</code> 891g（含杯蓋）,容量：1750ml,材質：<code>底座</code> ABS <code>壺體</code> Tritan™ <code>刀刃</code> 304 不鏽鋼,額定電壓：110V / 60Hz / 1000W,電源線長度：約150cm,馬達轉速：24,000 RPM,真空效果：59Kpa,內容物：主機x1、攪拌棒x1、量杯x1、真空塞x2、食譜x1、說明書x1、清潔刷x1,可設定模式：蔬果、冰沙、醬汁、米糊、研磨,可預設秒數：10秒、20秒、30秒、40秒、60秒,產地：德國品牌，德國設計，中國製造,國際條碼：4711467079602,商檢合格字號：CI338065993422"
法國 THOMSON 智能美型製麵包機,法國THOMSON,,2690,https://market.icook.tw//products/bread,"品名：法國THOMSON 全自動復古美型製麵包機,內容物：麵包桶、攪拌棒、電線、量杯、量匙、取物鉤子、說明書、保證書、麵包機食譜,型號：TM-SAB03M,顏色：白,尺寸：W29xD21xH23.8 cm,容量：400g、600g,重量：3kg,功率：400W,電壓：110V／60Hz,功能菜單：19 項菜單、3 種烤色設定,預約時間：15 小時,產地：法國品牌，中國製造"
韓國Damda 摺疊置物籃/購物車,韓國 Damda,2135565,1780,https://market.icook.tw//products/damda,"品名：【購物車專用】彈力固定繩,顏色：米色、黃色、粉色,尺寸：<code>繩長</code> 171.5cm／<code>掛鈎</code> 5.5cm,材質：聚酯+PP,產地：韓國品牌，韓國設計，中國製造"
台灣原創 雙向矽膠鍋鏟,Turnula,11912868,590,https://market.icook.tw//products/new-turnula,"品名：Turnula 雙向不鏽鋼鍋鏟,尺寸：W8.7±0.2 x D37.5±0.5 x H4±0.3cm,重量：180±10g,材質：304 高級不鏽鋼,產地：台灣品牌，台灣設計，中國製造,適用於：一般 28~40cm 口徑的各式炒鍋,專利：<code>台灣發明</code> 1612929、<code>台灣新型</code> M539896、<code>台灣設計</code> D186325、<code>日本設計</code> 1600072、<code>中國新型</code> ZL201621458087.8、<code>中國設計</code> ZL201730348700.4、<code>中國設計</code> ZL201730348717.X"
韓國昌信收納保鮮盒,昌信生活,2610480,869,https://market.icook.tw//products/story,"品名：SKYLOCK 密扣提籃式保鮮盒,容量：3800ml／5900ml,內容物：保鮮盒x1+格狀提籃x1,顏色：<code>盒蓋</code> 白色／<code>盒身</code> 透明,尺寸：<code>3800ml</code> D23.5 x W23.5 x H10cm／<code>5900ml</code> D23.5xW23.5xH15cm,材質：<code>盒身</code> SAN／<code>上蓋</code> PP、TPE／<code>提籃</code> RPP,耐熱：<code>盒身</code> -30~100℃／<code>上蓋</code> -30~100℃／<code>提籃</code> -20~100℃,產地：韓國品牌，韓國設計，韓國製造,適用於：僅有盒身可入洗碗機、微波爐。,認證：通過 FDA 原料認證，通過 KCL 檢驗認證，BPA Free（不含雙酚A）。"
德國SABA 免安裝RO瞬熱飲水機,SABA,10410542,9580,https://market.icook.tw//products/saba-ro,"品名：SABA 飲水機專用濾芯組,內容物：PAC 活性碳 PP 濾芯+ RO 逆滲透濾芯+C2 複合式濾芯,總淨化水量：5000L,產地：中國製造，台灣監製,認證：<a href=""https://imgur.com/a/tv1Y5Iu"" rel=""nofollow noopener"" target=""_blank"">SGS 水質檢驗合格報告</a>"
瑞士 HeatsBox 智能加熱便當盒,Magnus Life,122560,2280,https://market.icook.tw//products/heatsbox,"品名：瑞士 HeatsBox style+ 智能加熱便當盒（分離式）,顏色：太空灰,尺寸：W22 x D17 x H7cm,容量：925ml,重量：700g,電壓：110V／60Hz,最大功率：100W,電線長度：1.5M,材質：304 不鏽鋼、樹脂、矽膠,產地：瑞士品牌，瑞士設計，中國製造,認證：通過德國 LFGB、美國 FDA 食品級材質合格認證,貼心提醒：HeatsBox Style+ 主機闔上時，中間會有一條縫隙，此縫隙非密合不良，而是原本之設計外貌。"
Swanz 隨身杯,Swanz,10364760,,https://market.icook.tw//products/swanznestcup,"品名：上班族必備組,內容物：茶隔網x1、茶隔矽膠套x1、兩用杯蓋x1、收納配件袋x1,尺寸：<code>茶隔網</code> Ø10.5 x H0.5cm／<code>矽膠套</code> Ø10.5 x H1cm／<code>上蓋</code> Ø10.5 x H2.3cm／<code>配件袋</code> Ø10 x H11cm,重量：<code>茶隔網</code> 65g／<code>矽膠套</code> 10g／<code>上蓋</code> 60g,材質：<code>茶隔網</code> 100% 硬白瓷／<code>矽膠套</code> 耐熱矽膠／<code>上蓋</code> Tritan™／<code>配件袋</code> 牛津布,耐熱：<code>茶隔網</code> -40~1000℃／<code>矽膠套</code> -40~150℃／<code>上蓋</code> -40~100℃,產地：新加坡品牌，新加坡設計，中國製造,收納袋容量：可同時裝入折疊矽膠吸管x1+兩用杯蓋x1+茶隔網x1。,注意事項：收納配件袋以清水洗滌，不建議使用清潔劑。"
LazySusan空氣炸鍋預購,Heartcook,18227490,,https://market.icook.tw//products/heartcook-lazysusan,"品名：智慧型多功能滅菌磨刀架,內容物：智慧型多功能滅菌磨刀架、電源變壓器、保固說明書,顏色：白色淺木紋／黑色深木紋,材質：ABS 塑料、矽膠,尺寸：W22 x D22 x H36cm,重量：1.8 kg,電壓：100 - 240V,產地：德國設計，中國製造"
小藍寶筋膜按摩槍,德國藍寶 BLAUPUNKT,9477780,,https://market.icook.tw//products/blaupunkt02,"品名：小藍寶按摩槍,顏色：貝殼藍、珊瑚粉、珍珠白,產品尺寸：W13.7 x D5.5 x H20 cm,重量：590 g ,材質：<code>機身</code> ABS／<code>按摩頭</code> ABS／<code>美體按摩頭</code> ABS,電池直流輸入：DC 5V / 2A,額定電壓：11.1V,馬達轉速：1575~3500 RPM,內容物：產品主機 x1／專用 USB 線 x1／按摩頭 x3PCS／說明書 x1／收納袋 x1／旅充頭 x1,產地：德國品牌，中國製造,責任險：本商品已投保富邦產險 3500 萬產品責任險"
韓國鑽石不沾油切烤盤,韓國 HAPPYCALL,,1580,https://market.icook.tw//products/happycallbbqtray,"品名：韓國 HAPPYCALL 鑽石不沾油切長形烤盤,尺寸：W36.5 x D33 x H4.5cm,重量：1.4kg,材質：<code>鍋體</code> 鋁合金／<code>內部塗層</code> 鑽石塗層,產地：韓國品牌，韓國設計，韓國製造,適用於：瓦斯爐、卡式爐、洗碗機,認證：<a href=""https://imgur.com/pIzBYX0"" rel=""nofollow noopener"" target=""_blank"">SGS 檢驗</a>,<span style=""color: #c0504d;"">注意事項：</span>"
韓國 BOSQUE 防刮耐磨力盾不沾鍋具,韓國 Dr.Hows,,1680,https://market.icook.tw//products/drhows-bosque,"品名：韓國 Dr.Hows BOSQUE 力盾鍋具,款式：平底煎鍋、炒鍋、方型煎盤（含鍋蓋）、單柄湯鍋（含鍋蓋）、雙耳燉鍋（含鍋蓋）,顏色：炭黑、嫩粉,材質：,【單柄湯鍋、雙耳燉鍋】<code>內部</code> 鑄鋁／<code>陶瓷塗層</code> 天然礦土砂石（二氧化矽）,【平底煎鍋、炒鍋、方型煎盤】<code>內部</code> 鑄鋁／<code>三重塗層</code> 氧化鋯（花崗岩萃取成分）、MEGA STONE"
韓國ADDZ鍛造白陶鍋,韓國 HAPPYCALL,,4888,https://market.icook.tw//products/happycall-whitepot,"品名：韓國 ADDZ 鍛造白陶鍋系列,"
韓國製厚釜 IH 不沾鍋具組,韓國 HAPPYCALL,,3980,https://market.icook.tw//products/happycallartisan,"品名：edge 廚房配件九件組,內容物：湯勺、料理鏟、拌匙、攪拌器、麵勺、料理夾組、料理座架,尺寸：<code>湯勺</code> 33x10.3cm／<code>料理鏟</code> 35x9.5cm／<code>拌匙</code> 34x7.2cm／<code>攪拌器</code> 30.6x8.3cm／<code>麵勺</code> 33.3x7.1cm／<code>料理夾-大</code> 25.5x7cm／<code>料理夾-中</code> 21.5x6.2cm／<code>料理夾-小</code> 18.5x4.5cm／<code>料理座架</code> 39.5x14.5cm,材質：PA、食品級耐熱矽膠,耐溫：<code>PA</code> 120°C／<code>食品級耐熱矽膠</code> 200°C ,產地：韓國品牌，韓國設計，中國製造"
韓國 BRIO 深烤煎煮鍋,Dr.HOWS,,2980,https://market.icook.tw//products/brio,"品名：Dr. HOWS 卡式瓦斯爐,內容物：卡式爐、專屬收納盒,顏色：冰河白、芭蕾粉,尺寸：W26 x D34.8 x H10.6cm,重量：1.75kg,耗氣量：3.0kw,材質：<code>爐身</code> PBT／<code>爐面</code> CR,認證：通過國家 CNS 標準認證,產地：韓國品牌，韓國設計，中國製造,<span style=""color: #c0504d;"">注意事項：</span>本商品無附瓦斯罐"
MELLO 碳融鍋,Hard Crafts,2476420,2580,https://market.icook.tw//products/mello,"品名：HYBRID 多元料理鍋／可立式微壓力鍋蓋,規格：Φ28cm,尺寸：W50 x H17cm／<code>鍋蓋</code> Φ28cm,重量：1.25kg／<code>鍋蓋</code> 1.2kg,容量：3L,材質：<code>鍋身</code> 5mm 鑄造鋁合金／<code>把手</code> 耐熱電木／<code>鍋蓋</code> 強化玻璃,塗層：碳融合不沾表層,耐熱：<code>鍋身</code> 260℃／<code>把手</code> 180℃（勿乾燒）,產地：歐美設計，中國製造,適用於：烤箱、瓦斯爐、電磁爐、電陶爐、IH爐、洗碗機,認證：通過台灣SGS、德國LGA、美國FDA認證，不含PFOA、PFOS、鉛、鎘等物質零檢出。"
韓國NEOFLAM FIKA粉色系列鍋具,韓國NEOFLAM,,5499,https://market.icook.tw//products/fika-pink,"品名：韓國 NEOFLAM FIKA 粉色系列鍋具,"
台灣製 LMG 不鏽鋼鴛鴦鍋,LMG,,990,https://market.icook.tw//products/lmg,"品名：三入組彎折湯勺,內容物：大湯勺、小湯勺、濾勺x1,材質：304 不鏽鋼,產地：台灣品牌、台灣製造"
韓國製鈦雙面早午餐鍋,韓國 HAPPYCALL,,1580,https://market.icook.tw//products/happycallbrunchpan,"品名：HAPPYCALL 鈦電漿餅乾鍋,尺寸：W24xD19xH2.2cm（不含把手）,重量：1.1kg,材質：<code>鍋身</code> 鋁合金／<code>內塗層</code> 鈦電漿塗層／<code>外塗層</code> 陶瓷塗層,產地：韓國設計，韓國製造,適用於：瓦斯爐、黑晶爐、電陶爐,注意事項：不適用於 IH 爐、電磁爐"
不鏽鋼 IH 川燙油炸多用途鍋,韓國 HAPPYCALL,,3360,https://market.icook.tw//products/happycallfryer,"品名：HAPPYCALL 不鏽鋼調理缽,尺寸：∅24x18.2cm,重量：1.1kg,材質：304 不鏽鋼,產地：韓國品牌，韓國設計，越南製造"
THANKFUL膳夫鍋,THANKFUL,,3960,https://market.icook.tw//products/thankful,"品名：INSP 牛奶鍋（含鍋蓋）,規格：18cm,尺寸：<code>鍋體</code> Φ18 x H9.2cm,重量：682g (含蓋1.09kg),材質：<code>鍋身</code> 3mm鑄壓鋁合金／<code>把手</code> 耐熱電木,塗層：3 層美國頂級奈米不沾塗層,耐熱：<code>鍋身</code> 260℃／<code>把手</code> 180℃（勿乾燒）,產地：台灣設計，中國製造,適用於：瓦斯爐、電磁爐、電陶爐、IH爐、冰箱、洗碗機,認證：<a href=""https://imgur.com/a/rA20mMe"" rel=""nofollow noopener"" target=""_blank"">SGS 不含致癌物質、PFOS／PFOA 零檢出</a>"
韓國Dogado 天然陶瓷鍋具六件組,Dogado,,4580,https://market.icook.tw//products/dogado,"品名：多用途矽膠隔熱墊,顏色：米灰色、岩灰色、森林綠、磚紅棕,材質：耐熱矽膠,尺寸：160×160×6.5mm,重量：120g,產地：韓國設計，中國製造"
韓國石墨烯 IH 瞬熱不沾鍋,韓國 HAPPYCALL,6781943,3980,https://market.icook.tw//products/happycallpots,"品名：HAPPYCALL 石墨烯 IH 瞬熱不沾鍋具,系列商品：平底鍋、深炒鍋、四方煎鍋、玻璃鍋蓋、單柄湯鍋,尺寸："
義大利DOMO極致礦物不沾鍋 ,DOMO,,2280,https://market.icook.tw//products/dolomiti-domo,"品名：礦石革新深炒鍋,規格：32cm,尺寸：<code>鍋體</code> Φ32 x H12.4,重量：1kg,材質：<code>鍋身</code> 超導熱鋁合金／<code>把手</code> 耐熱電木,塗層：Hoplon 神盾航太矽晶塗層,耐熱：<code>鍋身</code> 400°C／<code>把手</code> 180°C（勿乾燒）,產地：義大利設計製造,適用於：瓦斯爐、電磁爐、電陶爐、IH爐、冰箱、洗碗機"
韓國製ARISU不沾羽量級烤盤,arisu,,2180,https://market.icook.tw//products/arisu,"品名：煎烤盤專用收納袋,顏色：黑色,尺寸：D42 x W36 cm ,重量：500g,材質：poly600D,產地：韓國設計，韓國製造,,"
日本Remy多功能頂級不沾鍋,Remy,4129193,4780,https://market.icook.tw//products/remypan,"品名：蒸鍋,尺寸：W27.7 x D27.7 x H90cm,重量：460g,材質：鋁合金（氟樹脂塗層）,產地：日本品牌、日本製造"
JIA 虹彩琺瑯不鏽鋼鍋,JIA Inc. 品家家品,,1880,https://market.icook.tw//products/jia-enamel,"品名：JIA 虹彩鋼琺瑯雙耳鍋 20cm（含蓋）,款式：黑／粉紅,尺寸：∅21 x H12.3cm,重量：<code>鍋身</code> 930g／<code>鍋蓋</code> 660g,容量：3.8L,材質：琺瑯、不鏽鋼、高硼矽耐熱玻璃,產地：中國,適用於：瓦斯爐、電磁爐、烤箱、冰箱,不適用：微波爐"
CRANE 琺瑯鑄鐵鍋,CRANE,,3501,https://market.icook.tw//products/crane,"品名：鑄鐵黑琺瑯雙耳深鍋,規格：∅23 x H12.5cm,重量：5.6kg,保固：10 年"
氣煎料理舒壓鍋,SHOWA,,5800,https://market.icook.tw//products/showa,"品名：SHOWA 氣煎料理舒壓鍋,尺寸：∅30xH20cm,容量：7L,重量：4.8kg,材質：CNS 304 不鏽鋼,內容物：湯鍋、內鍋、煎盤蓋、悶蒸蓋、說明書,適用於：瓦斯爐、電磁爐、IH 爐、鹵素爐、卡式爐,不適用：微波爐,產地：台灣品牌，台灣設計，台灣製造"
韓國NEOFLAM FIKA白色系列鍋具,韓國NEOFLAM,,5499,https://market.icook.tw//products/fika,"品名：韓國 NEOFLAM FIKA 白色系列鍋具,"
德國Kochstar彩晶琺瑯鍋,Kochstar,,3040,https://market.icook.tw//products/kochstar,"品名：尼爾系列琺瑯鍋具,系列商品：單柄湯鍋、低身湯鍋、高深湯鍋,尺寸："
法國砧板刀具殺菌烘乾機,法國 THOMSON,2575910,2490,https://market.icook.tw//products/threeinone-uv,品名：食品真空保鮮袋 10 入組 
日本麗克特減醣電鍋,日本 recolte,2232220,4680,https://market.icook.tw//products/recolte-pot,"品名：日本麗克特減醣電鍋,內容物：主機、內鍋、蒸鍋、不鏽鋼盤、矽膠隔熱手套1組、電源線、量杯（180ml）、飯勺、27 道專用精緻食譜,尺寸：<code>主機</code> W22 x D23.5 x H23cm／<code>內鍋</code> W18xD18xH10.5cm／<code>蒸鍋</code> W15.5xD15.5xH8cm,炊飯容量 : 180ml～630ml （1～5杯）,內鍋容量 : 約1200ml,重量：2.4kg,電壓：110V／60Hz,功率：500W,電源線：1.1m,材質：<code>本體</code> 聚丙烯合成樹脂 / <code>內鍋</code><code></code> 鋁合金（不沾塗層）／<code>蒸鍋</code> 304不鏽鋼（不沾塗層）/ <code>蒸盤</code> 不鏽鋼,產地：日本品牌，日本設計，中國製造,保固：機體原廠 1 年保固,商品驗證識別號碼: R35178,產品責任險：本商品已投保新光產險 3200 萬產品責任險,醣質檢驗：<a href=""https://imgur.com/a/wUJseNM"" rel=""nofollow noopener"" target=""_blank"">台灣 interteck 精煮模式</a>、<a href=""https://imgur.com/a/dQUFNgK"" rel=""nofollow noopener"" target=""_blank"">台灣 interteck 低醣模式</a>、<a href=""https://imgur.com/a/SRl81Md"" rel=""nofollow noopener"" target=""_blank"">日本 Sunatec 低醣模式</a> ,<span style=""color: #c0504d;""> 注意事項：</span>,建議若有特殊疾病的人，請要先詢問過醫生，看是否適合自己的身體狀況！「減醣電子鍋」雖然降低了醣類攝取，但還是要掌握適當的「量」並搭配運動，減醣生活也能輕鬆又快樂！"
日本麗克特單杯咖啡機,日本 recolte,,1980,https://market.icook.tw//products/recolte-solokaffeplus,"<span style=""color: #1f497d;"">品名：recolte Solo Kaffe 單杯咖啡機</span>,顏色：經典紅／磨砂灰／簡約白,尺寸：W16.5 x D9 x H21 cm,重量：710g,容量：200ml,內容：主機、雙層玻璃杯、不鏽鋼金屬濾網、咖啡量勺、一體式水槽、專用簡易食譜,材質：樹脂、不鏽鋼、耐熱玻璃,電壓：110V/ 60 HZ／350W,產地：日本設計，中國製造,本商品已投保新光產險 1500 萬產品責任險"
日本麗克特Hot Plate電烤盤,日本 recolte,2656040,3980,https://market.icook.tw//products/recolte-hotplate,"品名：蒸籠組,內容物：蒸籠、蒸盤、精緻食譜,規格：W39 x D23 x H10.5cm,重量：<code>蒸籠</code> 310g／<code>蒸架</code> 100g,材質：<code>蒸籠</code> Tritan／<code>蒸架</code> 304不鏽鋼,注意：需搭配【陶瓷深鍋】使用，不可單獨使用。"
日本麗克特花灑萃取咖啡機 ,日本 recolte,,2180,https://market.icook.tw//products/recolteraindrip,"<span style=""color: #1f497d;"">品名：recolte </span><span style=""color: #1f497d;""><span style=""caret-color: #1f497d;"">Rain Drip 花灑萃取咖啡機</span></span>,顏色：香草白 / 曜石黑,尺寸：W14.5 x D20.5 x H25.5 cm,重量：1000g,容量：480ml,內容：主機、水箱、玻璃壺、濾架、量勺,材質：ABS、PP、耐熱玻璃,電壓：110V/ 60 HZ／680W,產地：日本設計，中國製造,商品驗證識別號碼：R35178,本商品已投保新光產險 3200 萬產品責任險"
日本麗克特經典快煮壺,日本 recolte,,2480,https://market.icook.tw//products/recolte-clair,"<span style=""color: #1f497d;"">品名：recolte Clair 經典快煮壺</span>,顏色：經典紅／簡約白／質感黑,尺寸：W23.6 x D13.5 x H20 cm,重量：770g,容量：800ml,內容：主機、上蓋、加熱底座、使用說明書、保固卡,材質： <code>壺身、壺蓋</code> 304不鏽鋼,電壓：110V/ 60 HZ／1000W,產地：日本設計，中國製造,商品驗證識別號碼：R39578,本商品已投保新光產險 3200 萬產品責任險"
日本麗克特萬用食物調理機,日本 recolte,,2480,https://market.icook.tw//products/recolte-bonne,"品名：日本麗克特 Bonne 萬用食物調理機,顏色：胭脂紅、香檳白、珊瑚藍,尺寸：W12.4xD11.7xH23.4cm,重量：1100g,容量：500ml,材質：<code>本體</code> ABS / <code>磨泥盤</code> 奶油攪拌盤／<code>傳動軸</code> PP樹脂 / <code>杯蓋、調理杯</code> Tritan／<code>刀片</code> 不鏽鋼 / <code>矽膠圈</code> 矽膠／<code>料理刮刀</code> PE樹脂,電壓：110V／60Hz／200W,內容物： 主機、調理杯、杯蓋、傳動軸、磨泥盤、奶油攪拌盤、四刃刀頭、料理刮刀、中文操作手冊、商品服務保證卡、28道精緻食譜,產地：日本品牌、日本設計、中國生產,商品驗證識別號碼: R35178,責任險：本商品已投保新光產險 3200 萬產品責任險"
日本麗克特氣炸鍋,日本 recolte,,3280,https://market.icook.tw//products/recolte-airoven,"品名：配件 專用烤模,尺寸：D16 X W16 X H7.5 cm,材質：金屬合金+不沾塗層,容量：1200ml,內容物：烤模x1、中文說明書、專用食譜,產地：日本設計，日本品牌，中國製造,責任險：本商品已投保新光產險 3200 萬產品責任險"
日本麗克特烘焙小家電,recolte 麗克特,,2480,https://market.icook.tw//products/recolte-bake,"品名：recolte 日本麗克特 皮卡丘三明治機,尺寸：<code>機器</code> Ｗ13 x D23 x H9.5cm／<code>烤盤</code> W11.8 x D12.7cm（電源線 95cm）,重量：1000g,規格：110V／60Hz／600W,內容物：主機、33 道精緻食譜、中文操作手冊、售後服務保證卡,產地：日本品牌，日本設計，中國製造"
飛利浦 高效率智慧萬用壓力鍋,PHILIPS 飛利浦,1593264,6988,https://market.icook.tw//products/philips-blackone,"品名：飛利浦快速洩壓智慧萬用鍋,內容物：主機、內鍋、量杯、飯匙兼湯杓、主電源線、蒸盤、拆卸式內鍋蓋、使用手冊、示範用快速入門指南、保證卡,尺寸：W28.5 x D38.5 x H26.2cm,型號：HD2151／50,顏色：晶耀黑,內鍋容量 : 5L,工作壓力值：0～70kPa,電壓：110V／60Hz,功率：900W,材質：<code>本體</code> 聚丙烯合成樹脂 / <code>內鍋</code> 鋁合金（不沾塗層）,產地：荷蘭品牌，中國製造,保固：機體原廠 2 年保固,BSMI 商品驗證：R33048,產品責任險：本產品已投保美商安達產物保險"
Disney 米奇廚電系列,JD Shop,,1580,https://market.icook.tw//products/mickey,"品名：Disney 米奇食物調理機,顏色：曜黑色,尺寸：W130xD130xH255mm,容量：3L,材質：<code>本體</code> ABS / <code>調理杯</code> AS／<code>奶油攪拌盤</code> PP樹脂 ／<code>刀片</code> 不鏽鋼 ,耐熱：<code>調理杯</code> 80~100℃,電壓：110V／60Hz／260W,內容物： 主機、奶油攪拌盤、雙層刀頭,產地：台灣品牌，中國製造,國際條碼：4710623410334,BSMI 證號 :R37800"
日本BRUNO冰淇淋機,日本 BRUNO,,4980,https://market.icook.tw//products/bruno-icecream,"品名：日本BRUNO 冰淇淋機,尺寸：W15.4 x D20 x H20.4cm,檔位：綿軟、醇厚,容量：500ml,重量：2.5kg,功率：60W,材質：<code>主機</code> ABS／<code>透明蓋</code> 食用級透明PC／<code>固定環</code> 食用級POM／<code>攪拌器</code> 食用級POM／<code>內膽</code> 鋁／<code>旋鈕</code> ABS／<code>冷凍劑</code> 環戊烷,內容物：主機、挖杓、專屬創意食譜,產地：日本品牌，日本設計，中國製造,注意事項：主機勿直接浸水清洗。"
Hello Kitty氣泡水機,MATURE,,3480,https://market.icook.tw//products/hellokitty-mature,"品名：MATURE 二氧化碳鋼瓶,容量：425g（依氣泡量不同，可製作 120 杯的氣泡水，500ml／杯）,內容物：食品級二氧化碳,尺寸：∅6 x H36.5cm,重量：1.23kg,材質：食用級鋁合金、二氧化碳氣體,產地：台灣,<img alt="""" class=""lazyload"" data-src=""https://uploads-market.icook.network/uploads/staff_asset/data/14204/b5e19fe3d4.png"" data-srcset=""https://imageproxy.icook.network/resize?background=255%2C255%2C255&amp;nocrop=true&amp;stripmeta=true&amp;type=auto&amp;url=https%3A%2F%2Fuploads-market.icook.network%2Fuploads%2Fstaff_asset%2Fdata%2F14204%2Fb5e19fe3d4.png&amp;width=1440 1440w, https://imageproxy.icook.network/resize?background=255%2C255%2C255&amp;nocrop=true&amp;stripmeta=true&amp;type=auto&amp;url=https%3A%2F%2Fuploads-market.icook.network%2Fuploads%2Fstaff_asset%2Fdata%2F14204%2Fb5e19fe3d4.png&amp;width=800 800w, https://imageproxy.icook.network/resize?background=255%2C255%2C255&amp;nocrop=true&amp;stripmeta=true&amp;type=auto&amp;url=https%3A%2F%2Fuploads-market.icook.network%2Fuploads%2Fstaff_asset%2Fdata%2F14204%2Fb5e19fe3d4.png&amp;width=440 440w"" height=""731"" sizes=""(max-width: 767px) calc(100vw - 60px), 800px"" src=""data:image/gif;base64,R0lGODlhAQABAAAAACH5BAEKAAEALAAAAAABAAEAAAICTAEAOw=="" style=""aspect-ratio: 800 / 731;"" width=""800""/>"
BRUNO加大型多功能電烤盤,日本 BRUNO,,4580,https://market.icook.tw//products/bruno-griller,"品名：日本MOSH! 牛奶保溫馬克杯（贈品隨機出色）,容量：400ml ,重量：約450g ,杯口口徑：φ58mm,尺寸：W123×D86×H122mm,材質：SUS304 不鏽鋼、PP 聚丙烯、Silicone 矽膠 ,耐熱溫度：攝氏100℃,保溫效力：（6小時）可維持 50℃ 以上 ,保冷效力：（6小時）可維持 10℃ 以下,產地：日本品牌，日本設計，中國製造"
日本Toffy 無煙電烤盤,TOFFY,3196910,6990,https://market.icook.tw//products/toffy-classic,"品名：日本Toffy 無煙電燒烤盤,內容物：主機、烤網、平煎盤、水盤、專用電源線、使用說明書,型號：K-SY1,顏色：蘋果綠,尺寸：<code>主機</code> W43.7 x D23.5 x H15.5cm／<code>烤網</code> W31.5 x D15cm／<code>平煎盤</code> W33.3 x D13 x H4cm,重量：3050g,電壓：110V／60Hz,功率：1000W,電源線：1.3m,溫度調節 : 保溫(WARM)～強(HI)無段式調節 (約80°C~200°C),材質：<code>烤盤</code> 304 不鏽鋼+不沾塗層／<code>機體、上蓋</code> 金屬合金／<code>平煎盤</code> 金屬合金＋不沾黏塗層,產地：日本品牌，日本設計，中國製造,保固：機體原廠 1 年保固,商品驗證識別號碼 : R39578,產品責任險：本商品已投保新光產險 3200 萬產品責任險"
+Sio 便攜真空保鮮機,lisscode,9433706,2780,https://market.icook.tw//products/sio-lisscode,"品名：保鮮收納罐組 ,內容物：大x1、中x1、小x1,尺寸：<code>大</code> D18 x W18.5 x H17 cm／<code>中</code> D13 x W15.5 x H14 cm／<code>小</code> D8.5 x W12.6 x H11.3 cm,容量：<code>大</code> 3L／<code>中</code> 1.4L／<code>小</code> 0.5L,材質：<code>上蓋</code> ABS／<code>罐體</code> AS／<code>真空指示鈕</code> 矽膠／<code>真空閥</code> 矽膠,耐熱溫度 : 60℃,產地 : 中國製造，台灣監製,檢驗：通過 SGS 檢驗合格（不含雙酚A）,注意事項 : 請搭配真空保鮮機使用,,"
韓國製迷你卡式爐,KOVEA,,2380,https://market.icook.tw//products/kovea,"品名：Bell 'Rock 不沾平底鍋,尺寸：Φ20 x H5.4 cm,材質：天然樹脂不沾塗層、鋁、304 不鏽鋼,重量：738g,產地：韓國品牌，韓國製造"
IdeaHom 萬用魔潔布,IdeaHom,,250,https://market.icook.tw//products/ideahom,"品名：IdeaHom 萬用魔潔布,尺寸：D22xW30cm,重量：250g （40張／捲）,材質：100% 植物纖維,產地：台灣品牌，台灣設計，台灣製造,保存期限：乾燥情況下五年以上"
美國松木纖維抗菌砧板,品幸福,6685020,1290,https://market.icook.tw//products/lifehappiness,"品名：品幸福超抗菌木纖維圓板,尺寸： W40.5 x D30.5 x H0.6cm,重量：856g,材質：松木纖維、樹脂,耐熱：170°C,內容物：圓板、矽膠防滑墊片,產地：台灣品牌，台灣設計，中國製造,<span style=""color: #c0504d;"">注意事項：</span>"
OXO POP 系列保鮮盒,oxo,,1590,https://market.icook.tw//products/oxopop,"品名：OXO 好好倒保鮮收納盒,材質：<code>盒身</code> SAN／<code>上蓋</code> ABS、POM／<code>膠條</code> 矽膠,尺寸：<code>大</code> W19cm xD7.5cm xW24cm／<code>中</code> W19cm xD7.5cm xW20cm／<code>小</code> W19cm xD7.5cm xW15cm,耐熱：<code>SAN</code> 80°C／<code>ABS</code> 120°C／<code>POM</code> 120°C／<code>耐熱矽膠</code> 280°C,產地：中國（美國授權製造）"
韓國 Dr.HOWS卡式瓦斯爐,Dr.HOWS,,2680,https://market.icook.tw//products/twinklestove,"品名：Dr. HOWS 卡式瓦斯爐,內容物：卡式爐、專屬收納盒,顏色：冰河白、芭蕾粉,尺寸：W26 x D34.8 x H10.6cm,重量：1.75kg,耗氣量：3.0kw,材質：<code>爐身</code> PBT／<code>爐面</code> CR,認證：通過國家 CNS 標準認證,產地：韓國品牌，韓國設計，中國製造,<span style=""color: #c0504d;"">注意事項：</span>本商品無附瓦斯罐"
PeaceKorea 好料剪刀,PeaceKorea,,1199,https://market.icook.tw//products/peacekorea,"品名：韓國 PeaceKorea 好料剪刀,款式：曲面剪刀／四角剪刀,材質：<code>刀體</code> <span style=""font-family: monospace;"">420不鏽鋼／<code>刀柄</code> PP,</span>耐熱：刀柄 120°C,曲面剪刀尺寸：總長245mm／刀面長度120mm／握把86mm,曲面剪刀尺寸：總長245mm／刀面長度120mm／握把86mm,重量：<code>曲面剪刀</code> 135g／<code>四角剪刀</code> 148g,產地：韓國設計，韓國製造,認證：握把通過歐洲 REACH 基準的塑膠鉛與鎘檢測"
ZipBag 白金矽膠密封袋,美國 Two Pillars,,850,https://market.icook.tw//products/unilid,"品名：美國 Unilid 優你力 環保萬用保鮮蓋,顏色：霜降透明白／蒂芬尼藍／蜜糖綠,內容物：保鮮蓋*5＋環保收納袋,尺寸：∅6.5cm／∅9.5cm／∅12cm／∅16.5cm／∅21cm,重量：230g,材質：食品級白金矽膠,耐熱：-40~204°C,產地：美國品牌，美國設計，中國製造,適用於：洗碗機、微波爐、電鍋、烤箱,認證：德國 LFGB、美國 FDA 安全認證，不含雙酚 A"
英國創意餐廚,Joseph Joseph ,,1664,https://market.icook.tw//products/josephjoseph,"品名：專用廚餘袋（容量4L，每包50入）,尺寸：W14 x D35 x H1cm,材質：歐盟環保可分解材質7P0374、Cornstarch Blened w/Compostable Polyester"
美國OXO居家餐廚系列,OXO,,799,https://market.icook.tw//products/oxo,"品名：OXO好好握雜質濾網,材質：不鏽鋼、聚丙烯、熱塑性彈性體,尺寸：W27.5 x D11.5 x H12.5cm,產地：中國（美國授權製造）"
美國OXO樂在烘焙系列,OXO,,1776,https://market.icook.tw//products/oxobake,"品名：好打發 11 吋矽膠打蛋器,尺寸：11吋,材質：矽膠、不鏽鋼、熱塑性彈性體、聚丙烯,產地：美國品牌，中國製造"
美國OXO快意蔬食廚具,oxo,,1782,https://market.icook.tw//products/oxovegan,"品名：不鏽鋼沙拉剪-快樂綠,材質：聚丙烯、ABS樹酯、熱塑性彈性體、不鏽鋼（420）,尺寸：W23 x D7 x H2 cm,產地：中國"
臺灣木酢達人抑菌清潔液,木酢達人,,420,https://market.icook.tw//products/dawoko,"品名：木酢達人 木酢丸,成分：木酢液、木屑、木質油,內容物：4 入／盒,使用方式：直接放置儲藏間、地板下、牆壁隔間、排水孔邊、餐桌下、寵物居所,有效期限：3 年,產地：臺灣,<span style=""color: #c0504d;"">注意事項：</span>"
ANKOMN 無耗電真空保鮮盒,ANKOMN,,1820,https://market.icook.tw//products/ankomn,"品名：2-in-1聰明定量匙,尺寸：W14xD4xH3cm,重量：45g,材質：Polycarbonate 聚碳酸酯、ABS,產地：台灣"
台灣製 強效清潔慕斯,防御工事,,360,https://market.icook.tw//products/tfence,"品名：透氣長效防水噴霧,成分：氟素樹脂、溶劑、推進氣體（LPG）,容量：280ml,適用範圍：天然皮革、合成皮革、麂皮,保存期限：5 年,SGS 檢驗報告：<a href=""https://imgur.com/a/u99n5y6"" rel=""nofollow noopener"" target=""_blank"">不含致癌物 PHOA／PHOS</a>,產地：台灣"
奈米抗菌砧板,PURE REN,,890,https://market.icook.tw//products/pure-ren,"品名：奈米抗菌砧板,顏色：墨綠色、薄荷色,尺寸：W24xD36xH0.3cm,重量：245g,材質：TPE 材質、奈米抗菌粒子,產地：台灣,洗滌方式：一般洗精洗滌或清水沖洗,保存方式：勿接觸強酸，請遠離火源,抗菌力 99.99％ 相關檢驗報告： <a href=""https://imgur.com/a/nj2EZ"" rel=""nofollow noopener"" target=""_blank"">報告1</a>、<a href=""https://imgur.com/a/HlR5X"" rel=""nofollow noopener"" target=""_blank"">報告2</a>、<a href=""https://imgur.com/a/PdwPn"" rel=""nofollow noopener"" target=""_blank"">報告3</a>（報告內容請點連結）"
韓國製 烘焙達人套組,Cooking is Nothing,,1230,https://market.icook.tw//products/givings,"品名：Peter's Pantry 多用途電子秤杯,顏色：純白／淺灰,內容物：電子秤杯、測量蓋,尺寸：18.8x12x10cm,重量：348g,容量：500ml（承重 1kg）,材質：秤杯- ABS塑料、矽膠、LED 顯示器、Tritan,耐熱：120°C,測量最小單位：公克,電池：4號 AAA 電池 3 顆,產地：韓國"
Le Parfait玻璃密封罐,Le Parfait,,770,https://market.icook.tw//products/leparfait,
韓國昌信SKYLOCK保鮮盒,昌信生活,2549771,1999,https://market.icook.tw//products/storyskylock,"品名：INTRAY 冰箱抽屜式收納盒+16 格蛋盒,顏色：白色（頂部透明）,尺寸：D16.5xW41.5xH14.3cm,材質：PP塑料、RPP、熱塑性彈性體,產地：韓國品牌，韓國設計，韓國製造,認證：通過 KCL 檢驗認證，適合接觸食材、耐冷耐熱檢驗、負重檢驗，多項驗證層層把關。"
韓國製 兩倍板砧板套組,Doublesave,,,https://market.icook.tw//products/doublesave,"品名：韓國製兩倍板砧板套組,內容物：分隔式砧板、三色軟式 TPU 砧板,材質：<code>分隔式</code> PP Complex／<code>軟式</code> TPU,適用溫度：-20°C ~ 120°C,產品尺寸：<code>小</code> W 39 x D 29.7 x H 2.5cm ／<code>大</code> W 46 x D 31 x H 2cm／<code>軟</code> W 32.5 x 18.5 x 0.2 cm,收納格尺寸：<code>左</code> 15.4 x 9.6 x 2cm／<code>右</code> 16.8 x 9.6 x 2cm／<code>大</code> 15 x 10 x 2.1cm,重量：<code>小</code> 610g／<code>大</code> 690g／<code>軟</code> 160g,產地：韓國品牌，韓國設計，韓國製造"
香料共和國－磁吸金屬香料罐,香料共和國,,1200,https://market.icook.tw//products/spicejar,"品名：磁吸金屬香料罐,尺寸：∅6 x H4.5cm,重量：49g,容量：70ml,材質：不鏽鋼、強性磁鐵、TPE,產地：中國"
DoubleBox可微波便當盒,LiFE RiCH,,1280,https://market.icook.tw//products/doublebox,"<span style=""color: #404040; font-family: system-ui, -apple-system, system-ui, PingFang TC, Microsoft JhengHei, Apple Color Emoji, Segoe UI Emoji, Segoe UI Symbol, sans-serif;""><span style=""font-size: 16px; letter-spacing: 0.84px;"">品名：Double Box 不鏽鋼餐具組</span></span>"
日本朝日 不鏽鋼真空保鮮盒,朝日調理器,,3680,https://market.icook.tw//products/asahi-nabe,"品名：日本朝日不鏽鋼真空保鮮盒,尺寸：<code>L</code> D24.1×W15.6×H7.2cm／<code>M</code> D20.7×W13.3×H6.4cm／<code>S</code> D17×W11.5×H5.5cm ,容量：<code>L</code> 1.55L／<code>M</code> 0.95L／<code>S</code> 0.55L,重量：<code>L</code> 530g／<code>M</code> 400g／<code>S</code> 270g,材質：<code>保鮮盒</code> 304 不鏽鋼／<code>真空蓋</code> 壓克力、耐熱矽膠／<code>防漏膠條</code> 耐熱矽膠 ,產地：日本品牌，台灣設計，台灣製造"
韓國Cuitisan 可微波不鏽鋼調理盤,韓國 Cuitisan,,2800,https://market.icook.tw//products/cuitisan-plate,"品名：藝匠系列 可微波不鏽鋼調理盤（攪拌碗三入組）,內容物：2000ml+3000ml+4000ml,材質：304 不鏽鋼,耐冷熱：-40～400°C,產地：德國設計，韓國製造,適用於：電鍋、微波爐、烤箱、洗碗機,認證：通過德國 LFGB、美國 FDA、韓國 KCL 等多項安全檢驗"
藍鯨可拆式環保吸管 珍珠款,nubo 藍鯨,,588,https://market.icook.tw//products/nubopod,"品名：nubo55 小藍鯨吸管組 經典款（附小鯨盒）,內容物：小藍鯨吸管、小鯨盒、nubo 羊毛刷,顏色：大地米／天空藍／星空黑／莓果粉／薄荷綠／薰衣紫／咖啡靈魂,尺寸：<code>總長</code> 22cm／<code>上段</code> Ｏcm／<code>下段</code> Ｏcm／<code>內徑</code> 0.7cm／<code>外徑</code> 1.1cm／<code>小鯨盒</code> W12.8 x D3.4 x H1.8cm／<code>羊毛刷</code> 13cm,重量：<code>吸管</code> 22g／<code>小鯨盒</code> 35g,材質：,經典款 <code>上段</code> 天然稻草、PP／<code>下段</code> PP／<code>小鯨盒</code> 天然稻草、PP,咖啡靈魂 <code>上段</code> 回收咖啡渣、PP／<code>下段</code> PP／<code>小鯨盒</code> 回收咖啡渣 、PP,耐熱：0~90°C,產地：台灣品牌，台灣設計，台灣製造"
Stojo Bowl環保摺疊碗,Stojo,,880,https://market.icook.tw//products/stojo-bowl,"品名：Stojo Bottle 環保摺疊瓶,顏色：石墨黑、羊絨灰、鋼鐵藍、撫子粉、軍綠色,尺寸：<code>展開</code> H19.8cm／<code>收納</code> H9.7cm／<code>寬度</code> 8.9cm,重量：170g,容量：592ml,材質：食品級矽膠、PP 聚丙烯,耐熱：-20~120℃,產地：美國品牌、紐約設計、中國製造,認證：SGS 檢測（耐溫）、德國 LFGB 認證（矽膠材質）、美國 FDA 認證（PP 材質）"
Bingo 保鮮盒,源源鋼藝,,550,https://market.icook.tw//products/bingo,"品名：Bingo 保鮮盒,內容物：盒身、盒蓋、透氣塞、氣密圈,顏色：鮭魚橘、起司黃、蜜瓜綠、麥芽米、芝麻灰,尺寸：D17.5 x W11.6 x H6.7cm,<span style=""font-size: 14px;"">重量：</span>152g,容量：900ml±5%,材質：TPX 樹脂、PP 聚丙烯、鉑金級矽膠,產地：台灣品牌，台灣設計，台灣製造,適用於：微波爐、洗碗機"
BAGOROLL 隨時袋,FLYTTA,,780,https://market.icook.tw//products/bagroll,"品名：BAGOROLL 隨時袋,內容物：隨時袋、筆夾式餐具組、置杯架（黑）、拍拍尺、沙拉夾,顏色：湖水藍／晨型人／牛皮棕／極簡黑／青空下／夜貓子／微醺紅（ 顏色可能因螢幕有所色差，商品以實際出貨為準。),尺寸：<code>展開</code> D11xW22xH39.5 cm／<code>捲收</code> Φ5xH22 cm（手工車縫+-0.3）／<code>餐具組</code> D16 xW2.5 xH7cm／<code>沙拉夾</code> D3.5x2x0.7cm ,重量：185g,容積：7L,材質：<code>袋體</code> Tyvek ®1057D、PVC 鋁膜、釹鐵硼磁鐵、聚酯纖維／<code>餐具組</code> 食品級PA6／<code>拍拍尺</code> 矽膠、鋼／<code>置杯架</code> PP ／<code>沙拉夾</code> PMMA,耐熱：100℃,產地：FLYTTA設計，台灣製造"
 Clicking 口卡餐具,源源鋼藝,,790,https://market.icook.tw//products/clicking,品名：Clicking 口卡餐具
dr.Si 摺疊分隔便當盒/杯,dr.Si,9913487,1280,https://market.icook.tw//products/new-drsi,"品名：dr.Si 矽寶好好帶,款式：舒心白／冰河藍／藕粉／布蕾黃／艾綠,尺寸：Φ 9.1 x H19.7 cm,重量：55g,材質：100% 白金矽,耐熱：-40~250°C,產地：台灣品牌，台灣設計，台灣製造,適用於：洗碗機、微波爐、烤箱"
dr.Si聯名系列環保產品,dr.SiＸHello Kitty／dr.Si X gudetama,,960,https://market.icook.tw//products/drsi,"品名：dr.Si 矽寶巧掌心包,款式：Hello Kitty 梅花款 ／Hello Kitty 就愛台灣／Hello Kitty 櫻花賞,內容物：大矽管、小矽管、吸管收納包,尺寸：<code>大</code> ∅1.4xH22cm／<code>小</code> ∅1xH22cm／<code>收納包</code> 6.8x6.8cm,重量：<code>大</code> 10g／<code>小</code> 7g／<code>收納包</code>19±2g,材質：100% 白金矽,耐熱：-40~250°C,產地：台灣品牌，台灣設計，台灣製造,適用於：洗碗機、微波爐、烤箱"
OXO TOT 兒童餐具系列,oxo,,490,https://market.icook.tw//products/oxotot,"品名：隨行叉匙組,款式：靚藍綠／海軍藍／莓果粉,尺寸：7.5x3.2x14.2m,材質：<code>叉子</code>-聚丙烯、熱塑性彈性體、不鏽鋼；<code>湯匙</code>-聚丙烯、熱塑性彈性體、不鏽鋼；<code>外盒</code>-聚丙烯,耐熱：湯匙 <code>120℃</code>、叉子<code> 120℃</code>,重量：107g,適用年齡：1歲以上,產地：美國品牌，中國製造,<span style=""color: #bf5656;"">注意事項</span>：請勿使用微波爐；塑膠類不建議使用紫外線消毒鍋；可使用洗碗機清洗。"
韓國Cuitisan 可微波不鏽鋼保鮮盒,韓國Cuitisan,,1370,https://market.icook.tw//products/cuitisan,"品名：征旅系列 可微波不鏽鋼保鮮盒,款式：圓形兩隔、圓形三隔、方形兩隔、方形三隔,材質：<code>盒身</code> 304不鏽鋼／<code>上蓋</code> PP、耐熱膠條、白金矽膠抗菌（歐盟食用標準）,耐冷熱：上蓋 -40~120°C／盒身 -40～400°C,產地：德國設計，韓國製造,適用於：電鍋、微波爐、烤箱、洗碗機,認證：通過德國 LFGB、美國 FDA、韓國 KCL 等多項安全檢驗"
仁舟矽密咖啡杯／矽水瓶,仁舟淨塑,,450,https://market.icook.tw//products/cup-zenzhou,"品名：捲捲矽光瓶,內容物：矽光瓶、USB 充電線,顏色：朝陽橘／夜空黑／湛海藍／大地綠,尺寸：∅7.5 x 25cm,重量：161g,容量：750ml,材質：<code>瓶身</code> 食品級矽晶／<code>瓶蓋</code> PP,耐熱：<code>瓶身</code> -40~200°C／<code>瓶蓋</code> -20~100°C,適用於：洗碗機、烘碗機、冰箱,產地：台灣品牌，台灣設計，中國製造,認證：通過 <a href=""https://imgur.com/a/pW6thL6"" rel=""nofollow noopener"" target=""_blank"">SGS 食品容器檢測</a>、德國 LFGB、美國 FDA,<span style=""color: #c0504d;"">注意事項：</span>"
水鯨可拆式環保吸管,nubo 藍鯨,,580,https://market.icook.tw//products/nubo-pro,"品名：nubo55 小藍鯨吸管組 咖啡款（附小鯨盒）,內容物：小藍鯨吸管、小鯨盒、nubo 羊毛刷,顏色：黑咖啡,尺寸：<code>總長</code> 22cm／<code>上段</code> Ｏcm／<code>下段</code> Ｏcm／<code>內徑</code> 0.7cm／<code>外徑</code> 1.1cm／<code>小鯨盒</code> W12.8 x D3.4 x H1.8cm／<code>羊毛刷</code> 13cm,重量：<code>吸管</code> 22g／<code>小鯨盒</code> 35g,材質：<code>上段</code> 回收咖啡渣、PP／<code>下段</code> PP／<code>小鯨盒</code> 回收咖啡渣 、PP,耐熱：0~90°C,產地：台灣品牌，台灣設計，台灣製造"
Swanz陶瓷保溫杯-芯動系列,SWANZ,,1480,https://market.icook.tw//products/office-swanz,"品名：SWANZ 芯動杯,內容物：芯動杯x1、杯蓋提把x1（茶隔、矽膠易開杯蓋需額外加購）,顏色：紫羅蘭／櫻花粉／海洋藍／雪白／曜石黑,規格：450ml／550ml／680ml,尺寸：<code>450ml</code> ∅5.5 x H20.3cm（外蓋 ∅8±0.5cm）／<code>550ml</code> ∅5.5 x H25.3cm（外蓋 ∅8cm）／<code>680ml</code> ∅5.5 x H28.7cm（外蓋 ∅8cm）,重量：<code>450ml</code> 480±20g／<code>550ml</code> 600g／<code>680ml</code> 770g,容量：450ml／550ml／680ml,材質：<code>杯身</code> 304 不鏽鋼／<code>杯蓋</code> 304 不鏽鋼／<code>杯蓋</code> PP／<code>杯蓋矽膠圈</code> 食品級耐熱矽膠／<code>內芯、茶隔</code> 100% 硬白瓷,耐熱：<code>陶瓷內芯、陶瓷茶隔</code> 1000°C／<code>食品級矽膠</code> 220°C／<code>PP 杯蓋</code> 120°C,產地：新加坡品牌，新加坡設計，日本專利，台灣認證，中國製造,認證：SGS 認證,保固：自發貨日起算 180 天，須於 10 天內完成網路登記保固註冊"
仁舟矽密盒／矽密袋,仁舟淨塑,,990,https://market.icook.tw//products/zenzhou03,"品名：純棉順手包,規格：M／L,顏色：海棠款,尺寸：<code>M</code> W46 x D52cm／<code>L</code> W60 x D60cm,材質：100%純棉,產地：台灣設計，台灣品牌，台灣製造"
日本Mosh悶燒罐／保溫瓶 ,Mosh,,690,https://market.icook.tw//products/mosh,"品名：Mosh牛奶罐保溫壺-1L,規格：1000ml,顏色：可可／綠松石,尺寸：W124×D187×196mm,重量：750g,材質：<code>本體</code> 不鏽鋼、丙烯酸樹脂塗料／<code>內瓶</code> 不鏽鋼／<code>噴口、蓋子</code> 聚丙烯／<code>手把</code> ABS樹脂,產地：日本設計，中國製造,保溫效力：（10小時）維持 62°C 以上／（24小時）43°C 以上,保冷效力：（10小時）維持 11°C 以下"
美國無毒環保便當盒,ecolunchbox,,1299,https://market.icook.tw//products/ecolunchbox,"品名：ECOlunchbox 獨奏點心盒（巨無霸）,內容物：巨無霸點心盒x1,盒身材質：食用級 304 不鏽鋼,盒身上蓋：耐熱矽膠（-40～240℃）,尺寸：∅18 x H8cm,容量：約 1500ml,產地：美國品牌，美國設計，中國製造"
美國Stasher矽膠密封袋,美國 Stasher,,1990,https://market.icook.tw//products/stasher,"品名：Stasher 矽膠密封食物袋 Half-Gallon 大長形,顏色：綠／藍／粉紅／粉紫／玫瑰石英粉／紫外光／成熟黑／雲霧白／湖水藍,尺寸：21.7 x 25.2 x 2.54cm,重量：170g,容量：1899ml,材質：食品級白金矽膠,耐熱：-40~200°C,產地：美國品牌，美國設計，中國製造,適用於：微波爐、冷凍冷藏、水煮加熱,<span style=""color: #c0504d;"">注意事項：</span>使用後請立即清洗，避免有色食物（如紅蘿蔔、菠菜汁）染色"
SWANZ芯動悶燒罐,SWANZ,,1860,https://market.icook.tw//products/pot-swanz,"品名：陶瓷湯筷組,材質：<code>湯筷</code> 100%硬白瓷／<code>湯筷袋外層</code> 棉布 / <code>湯筷袋內層</code> 牛津布,耐熱：<code>湯筷</code> 1000°C ,內容物：湯匙、筷子、湯筷袋,產地：新加坡品牌，新加坡設計，中國製造"
black+blum便當盒系列,英國black+blum,,999,https://market.icook.tw//products/blackblum,"品名：英國 black+blum EAU GOOD GLASS 炭芯活水瓶,顏色：天空藍、青翠綠、可愛紅、沉靜黑,內容物：水瓶、瓶塞、專用護套、活水備長炭,尺寸：∅9 x H25.5 cm,重量：350g,容量：650ml,材質：<code>瓶身</code> 手吹玻璃／<code>瓶口塞</code> 天然軟木／<code>瓶口密封</code> 耐熱矽膠／<code>專用護套</code> 合成橡膠／<code>固定鉤絲</code> 304不鏽鋼／<code>活水備長炭</code> 天然橡木,耐熱：<code>瓶身</code> -20~400℃／<code>勾絲</code> -40~800℃,產地：英國品牌，英國設計，中國製造,適用於：洗碗機（僅玻璃瓶身）"
美國 Stojo 隨行折疊杯,美國 Stojo,,750,https://market.icook.tw//products/stojo,"品名：Stojo Titan Cup 泰坦杯－紐約 Soho 限定版,顏色：軍綠色／鋼鐵藍,內容物：杯身、杯蓋、隔熱套、杯口塞、吸管,尺寸：<code>展開</code> 15.6x11.4cm／<code>收納</code> 6.35x11.4cm／<code>吸管</code> 18.7cm（直徑 1.2cm）,重量：約 290g,容量：24oz／709ml,材質：<code>杯身、杯口塞、吸管</code> 食品級矽膠／<code>杯蓋、隔熱套</code> PP 聚丙烯,耐熱：<code>杯身硬質部分、杯蓋</code> -20℃~130℃／<code>腰身、止水塞、隔熱套</code> -56~120℃,產地：美國品牌、紐約設計、中國製造,適用於：冰箱、微波爐、洗碗機（請放置於最上層）,認證：SGS 檢測（耐溫）、德國 LFGB 認證（矽膠材質）、美國 FDA 認證（PP 材質）"
台灣在地麥芽糖 / 麥醬油,好米芽,,250,https://market.icook.tw//products/homiya,"品名：暖呼呼麥芽組,內容：薑薑好嘿麥芽糖＋梅好舒暢麥芽糖,成份：特級小麥、特級糯米、老薑、黑糖／特級小麥、特級糯米、青梅,容量：300g±5%,產地：台灣,保存期限：兩年,注意事項：請使用乾淨容器挖取，麥芽糖為天然熬煮發酵，自然存放可存放兩年。"
泰式道地咖哩料理醬包,KITCHEN88,,259,https://market.icook.tw//products/desiamxkitchen88,"品名：deSIAM 泰式椰漿,成分：椰子萃取物、水、檸檬酸,規格：165ml,產地：泰國,保存期限：1095 天（3 年）,保存方式：開封後請儘速食用，為食用完請封口置於冰箱冷藏"
扒扒飯雙椒醬,扒扒飯,1590570,1360,https://market.icook.tw//products/papafan,"品名：扒扒飯雙椒醬,成分：辣椒、沙拉油、蒜頭、鹽、糖、青蔥、釀造醬油（非基因改造黃豆、小麥、鹽、水）、香油（白芝麻、沙拉油）、花椒粉、酵母萃取物、DL-胺基丙酸、胺基乙酸、檸檬酸、混合濃縮生育醇（抗氧化劑）,重量：260g,產地：台灣,保存期限：未開罐存放 2 年，開罐後請儘速食用完畢,保存方式：未開罐常溫存放，避免陽光照射；開罐後需冷藏,<span style=""color: #c0504d;"">注意事項：</span>本產品含黃豆、小麥，對其過敏者請避免食用"
經典歐陸名醋系列,GOOD FOOD YOU 主廚的秘密食材庫,,240,https://market.icook.tw//products/vinegar,"品名：Casa Rinaldi 十年陳釀巴薩米克醋IGP,成份：煮過的葡萄汁、酒醋、偏亞硫酸氫鉀（本產品所含偏亞硫酸氫鉀為發酵過程中自然產生，非額外添加，請安心食用）（<span style=""color: #e9967a;""><a href=""https://imgur.com/4EK2i3M"" rel=""nofollow noopener"" style=""color: #e9967a;"" target=""_blank"">完整成份表</a></span>）容量：250ml,產地：義大利,有效期限：2020／12／01（實際請以商品標示為主）,保存方式：請存放於乾燥陰涼處，避免陽光直射,口感：陳釀 10 年以上，香醇濃郁酸中帶點甜,建議搭配食材：適合搭配前菜、沙拉、甜點、水果，亦可作為主菜的佐料或沾醬"
西班牙特級初榨風味橄欖油 ,As Pontis,,1280,https://market.icook.tw//products/aspontis,"品名：西班牙特級初榨風味橄欖油,口味：羅勒／胡椒／橙／檸檬／大蒜／百里香／辣椒／牛肝菌,成分：100% 特級初榨橄欖油、口味食材,橄欖品種：Manzanilla Cacereña,發煙點：210°C,包裝：抗 UV 玻璃瓶,容量：250ml,產地：西班牙原裝進口，空運來台,有效期限：2022／4／30,保存方式：不需冷藏，存放於涼爽、乾燥，遠離熱源和光線的陰涼處,認證：全系列通過 <a href=""https://imgur.com/a/nhcZJFO"" rel=""nofollow noopener"" target=""_blank"">SGS 無農藥檢出認證</a>"
日本久世福食品商店,サンクゼール店舗,,385,https://market.icook.tw//products/justforyou,"品名：日式小圓餅,規格：100g,產地：日本,總效期：7 個月（有效期限詳參商品標示）,<span style=""color: #c0504d;"">注意事項：</span>本產品加工廠使用花生、雞蛋、牛奶成分、蕎麥、蝦、芝麻和腰果製造產品。"
菇王在地天然調味品,菇王食品,,165,https://market.icook.tw//products/guwang,"品名：菇王純素天然調味品 甜點飲料類,款式：有機甜酒釀／紅麴養生醬／有機味霖／有機無糖味霖,成份：<a href=""https://imgur.com/a/rI67OmC"" rel=""nofollow noopener"" target=""_blank"">有機甜酒釀（240g）</a>／<a href=""https://imgur.com/a/RD1DSjr"" rel=""nofollow noopener"" target=""_blank"">紅麴養生醬（240g）</a>／<a href=""https://imgur.com/a/pkMxXZ7"" rel=""nofollow noopener"" target=""_blank"">有機味霖（300ml）</a>／<a href=""https://imgur.com/a/hu7EXnK"" rel=""nofollow noopener"" target=""_blank"">有機無糖味霖（300ml）</a>,產地：台灣,注意事項：本產品為純天然發酵食品，無額外添加酒精，但發酵過程會自然產生酒氣與少許酒精成分，對酒精過敏或因個人因素無法食用酒精者，需特別注意"
日本萬用調味料－鹽麴,鹽麴達人,,290,https://market.icook.tw//products/qolop,"品名：日本原裝進口乾燥米麴,容量：300g/包,成份：米麴（100% 日本國產米使用）,原產地：日本岐阜縣,保存期限：12 個月,保存方式：請置於陰涼處常溫保存，避免高溫潮濕。"
香料共和國-研磨原粒系列,香料共和國,,140,https://market.icook.tw//products/spicelandgift,"品名：胡椒原粒四入組,內容：黑胡椒粒 x1、白胡椒粒 x1、紅胡椒 x1、綠胡椒 x1 ,保存期限：兩年（如標示） ,<span style=""color: #c0504d;"">＊香料開封後請置於陰涼乾燥處或冷藏</span>"
樂奇雅頂級松露醬系列,La Rustichella,,445,https://market.icook.tw//products/larustichella,"品名：樂奇雅頂級黑松露醬（純素）,規格：500g,主要成份：（不含五辛）洋菇、牛肝蕈、葵花油、黑松露（夏季松露）、食鹽、胡椒、蔗糖、天然香料、黑松露香料、香料、檸檬酸、抗氧化劑（維生素C）,產地：義大利"
台灣在地蜂蜜,享樂蜂蜜 In Joy With Honey,,1080,https://market.icook.tw//products/injoyhoney,"品名：蜂蜜醋,成分：蜂蜜、蜂蜜醋,規格：780g/瓶 600ml,保存方法：開封後請冷藏保存,注意事項：久置色澤變深為正常現象,保存期限：1年"
香料共和國－精選香料系列,香料共和國,,70,https://market.icook.tw//products/spicelandtw,"品名：繽紛椒鹽禮盒,內容物：原味椒鹽、山葵椒鹽、黑白胡椒玫瑰鹽、海苔椒鹽"
康鼎 經典芋頭酥/綠豆椪禮盒,Kangding,,388,https://market.icook.tw//products/gift-kangding,"品名：卡茲尼菠蘿芋頭麻糬酥禮盒,重量：55g／個；6入／盒,產地 ：台灣"
康鼎 頂級港式蘿蔔糕/芋頭粿,Kangding,,210,https://market.icook.tw//products/kangding,"品名：頂級港式芋頭粿,口味：葷,重量：<code>小</code> 580g／<code>大</code> 1000g,成分：白蘿蔔、芋頭、在來米、香菇、蝦米、港式臘肉、砂糖、鹽、黑胡椒,產地 ：台灣"
凍凍鮮手剝安心蝦仁,凍凍鮮,,185,https://market.icook.tw//products/cold-shrimp,"品名：馬來西亞小花枝,規格：300g±5%/包（約10～12隻）,成分：小花枝、水、食鹽,產地：馬來西亞,保存方式：冷凍,適合料理方式：火鍋、海鮮麵、涼拌、三杯"
自家畜養無毒素食豬,花田喜彘,,290,https://market.icook.tw//products/familypork,"品名：梅菜扣肉,包裝規格：300g ±5%,成份：豬肉、梅菜乾、滷汁(水、醬油膏、醬油、冰糖、豬油、白胡椒粉、辣椒、薑、蔥、紅麴米),食用方式：,建議食用前12小時放冰箱冷藏解凍，或2小時前放室溫解凍(時間依室溫調整)，務必充分加熱再食用,隔水加熱法：燒一鍋水，水滾後將商品放入滾5分鐘(未解凍約20分鐘)，剪開到入碗中，即可食用,電鍋加熱法：拆開後，將內容物倒入容器，蒸15分鐘(未解凍30分鐘),微波加熱法:拆開後，將內容物倒入容器微波5分鐘(未解凍不適用)"
頂級海鮮食材／鍋物,佐佐鮮,,1799,https://market.icook.tw//products/tsotsoaqua01,"品名：帝王蟹風味棒,成分：<a href=""https://ppt.cc/fxaIex"" rel=""nofollow noopener"" target=""_blank"">詳細成份表</a>,重量：90g±10%／包,產地：日本,最佳賞味期限：2年,保存方式：冷凍-18°C"
康鼎 府城美食中式點心組,Kangding,,175,https://market.icook.tw//products/chinese-kangding,"品名：富貴平安桃,內容物：綠豆x4+紅豆x4,重量：35g／個；8入／包,產地 ：台灣"
湯瑪仕肉舖嚴選牛排系列,湯瑪仕肉舖,,699,https://market.icook.tw//products/thomassteak04,"品名：日本北海道生食級干貝,規格：200g±5%；一包約 6 顆，實際規格以重量為主,產地：日本,保存期限：300 天,保存方式：請置於冷凍 -18°C 保存"
永齡農場 有機生活蔬菜箱,永齡有機,,590,https://market.icook.tw//products/yonglinfarm,"品名：有機生活蔬菜箱（4~6人）,內容物：葉菜類(250g)*8包+根莖瓜果類*3種+蕈菇類*1種,重量：葉菜類2000g ± 5%、根莖瓜果類、蕈菇類視品項而定,產地：台灣,保存期限：葉菜類 3~4 天、根莖瓜果類 5~7 天、蕈菇類 7 天,保存方式：冷藏,檢驗報告：慈心有機認證（葉菜類與根莖瓜果類）,注意事項：菇類若受天氣影響無法正常出貨時，將調整為有機米類0.6kg*1包或等值葉菜1～2包出貨"
湯瑪仕肉舖經典老派草飼牛,湯瑪仕肉舖,,128,https://market.icook.tw//products/thomasgrass,"品名：巴拉圭牛肋條（草飼）,規格：500g±5%／包,產地：巴拉圭,保存方式：請置於冷凍 -18℃ 保存,解凍方式：請先將預備要料理之牛肉在未拆封前，至於冰箱冷藏室自然解凍"
紐西蘭特選純淨不老鮭,盛和風食集文化,,1140,https://market.icook.tw//products/foodsandsation,"品名：不老鮭家庭組,內容物：不老鮭輪切 1 塊＋不老鮭菲力塊 1 塊＋冷燻不老鮭 1 包,重量：<code>輪切</code> 320g±5%／塊；<code>菲力塊</code> 150g±5%／塊；<code>冷燻鮭</code> 100g±5%，4~6 片／包"
在地嚴選無毒黑羽土雞,元榆牧場,,320,https://market.icook.tw//products/yuanyufarm,"品名：原味滴雞精,規格：6 入禮盒裝,保存期限：6 個月（冷凍保存）,原產地：台灣"
野生小果沙棘汁,橙十,,810,https://market.icook.tw//products/sajie,"品名：沙棘汁,規格：隨身瓶 30ml／家庭號 580ml,成分：沙棘原漿 99.95%、甜菊萃取（甜味劑）0.05%（<a href=""https://imgur.com/8GsExR5"" rel=""nofollow noopener"" target=""_blank"">點此看成份表</a>）,建議攝取量：每日最多 60ml，請依據個人狀況調整飲用時間、頻率與份量,製造地：台灣,保存期限：730 天（2 年）,保存方式：隨身瓶請置於常溫陰暗處保存，家庭號開封後需冷藏,食品責任險：已投保富邦產險 1000 萬產品責任險,檢驗報告：SGS 維生素 C、SOD like 活性、重金屬檢驗,<span style=""color: #c0504d;"">注意事項：</span>"
發現茶 台灣嚴選茶品,發現茶,,499,https://market.icook.tw//products/teascovery,"品名：黑糖棗尋蜜紅,規格：黑糖紅棗紅茶 15 入,成分：紅棗、黑糖、茶葉,重量：9.0g*15,產地：台灣,保存期限：2 年,保存方式：陰涼乾燥處"
頂級沖泡純可可粉,daily table 每日餐桌,,250,https://market.icook.tw//products/cocoa,"品名：每日餐桌頂級沖泡純可可粉,重量：250g,內容物：100% 無糖可可粉,保存期限：2023-03-16,保存方法：密封存放於陰涼處,包裝：馬口鐵罐裝,產地：馬來西亞,保存方式：置於陰涼乾燥處，避免存放冰箱，以免吸潮結塊,注意事項："
北海道純天然小麥鬆餅粉,LEGUMES DE YOTEI,,220,https://market.icook.tw//products/legumesdeyotei,"品名：Sudo 砂糖無添加果醬（大） ,口味：草莓、藍莓、蘋果 ,重量：415g ,產地：日本,注意事項：無添加果醬，效期皆為3個月以上（依包裝上標示日期為主）"
森林麵食 彩色天然乾拌麵,森林麵食,,567,https://market.icook.tw//products/forestnoodles-sauce,"品名：森林裸麵,口味：竹山番薯／黃金南瓜／紫心番薯／新鮮蔬菜,成分：<code>竹山番薯</code> 竹山番薯、小麥麵粉／<code>黃金南瓜</code> 黃金南瓜、小麥麵粉／<code>紫心番薯</code> 紫心紫薯、小麥麵粉 ／<code>新鮮蔬菜</code> 季節蔬菜（夏：番薯葉，冬：菠菜）,重量：100g／包，5 包／盒,產地：台灣南投縣竹山鎮,保存期限：一年（拆封後建議半年內食用完畢）,保存方式：拆封後不須冷藏，放置於常溫陰涼處，避免陽光直射,<span style=""color: #c0504d;"">小提醒：</span>裸麵不含醬汁"
零失敗 DIY 烘焙材料包,Funsiamo,,880,https://market.icook.tw//products/funsiamo,"品名：黑糖嶺崗豆腐,內容物：澳洲進口 MILKLAB 嚴選豆奶1罐、吉利丁片1包、豆腐杯6入、黑糖1包、烘焙紙1份、料理小書-黑糖嶺崗豆腐1張、手套包1組,設備建議：烤箱、計時器、電子秤、鋼盆、刮刀,保存說明： 常溫保存於通風乾燥處 "
日本讚岐手打烏龍麵,日本老舖 こんぴらや 讚岐,,699,https://market.icook.tw//products/udon,"品名：九州柚子醋-柚子胡椒口味,規格：250ml,產地：日本,總效期：12 個月（有效期限詳參商品標示）,<span style=""color: #c0504d;"">注意事項：</span> 玻璃瓶上可能會有柚子纖維漂浮與黏著，此為正常現象，非產品品質問題，可安心食用"
新譯漢方台灣手工養生藥膳包,新譯漢方,,180,https://market.icook.tw//products/9z9bao,"品名：漢方安心食材果乾,口味：安心枸杞／安心貴妃棗／安心黑面棗,重量：300±10g/包,保存期限：一年，詳情請參照盒上標示,保存方式：請務必冷藏或冷凍"
信豐農場 有機台灣紅藜,信豐農場,,529,https://market.icook.tw//products/sinfongfarm,"品名：台灣紅藜茶,規格：清新淡茶／厚韻濃茶,重量：2g／包，共 15 包,產地：台灣"
西川米店 臺灣頂級白米,西川米店,,260,https://market.icook.tw//products/cichuan,"品名：西川米店 原鮮大麥仁,成分：大麥仁,重量：250g,產地：美國,保存期限：180 天,保存方式：常溫保存"
奇亞籽 CHIA SEEDS,Let's SAGA 奇亞籽,,780,https://market.icook.tw//products/chiaseeds,"品名：Lets SAGA 奇亞籽黑糖飲（牛皮）,內容物：台灣黑糖、巴拉圭奇亞籽（鼠尾草種籽）、蔗糖、香料、防腐劑,重量：黑糖磚 25 克，內含 6 顆 ，共150g,產地：南美洲巴拉圭,保存方式：保持乾燥常溫即可，可冷藏保存，保存期限 12 個月,檢驗報告：SGS 生菌數檢驗、SGS 農藥殘留檢驗、SGS 重金屬殘留檢驗"
味覺的感動 東京健康麵包,味覺的感動,,575,https://market.icook.tw//products/emotionsdegout,"品名：全麥吐司,主材料：日本石臼小麥粉、珍珠薏仁、老麵,尺寸：D7 x W8 x H18cm,重量：300g,產地：臺灣"
六十石山無硫金針,花東宏宣,,550,https://market.icook.tw//products/hdhx,"品名： 六十石山戀戀金針禮盒 ,原料：金針乾製品 ,重量：10g±5g*6 盒 ( 每內盒含 10g 無硫金針及附六種特色食譜 ） ,尺寸：13.5 x 13.5 x 25cm ,保存期限：一年 ,保存方式：請存放於乾燥陰涼處，拆封後請儘速食用，避免日照以確保美味可口"
Kiunn純天然在地台灣薑食品,KIUNN,,280,https://market.icook.tw//products/kiunn,"品名：Kiunn 烹飪薑黃系列,規格：研磨薑黃粉*1罐＋薑黃麵線*3盒＋薑黃麵條*2盒,產地：台灣"
樸活黑糖在地手造系列,樸活小鋪,,130,https://market.icook.tw//products/puhofield,"品名：柴燒煙燻大福圓,規格：110g／罐裝,產地：台南,保存期限：三年（依包裝上標示日期為主）,保存方式：請保存於陰涼乾燥處，避免陽光直射、受潮。開封後請盡早食用完畢。"
森林麵食 天然寶寶麵,森林麵食,,749,https://market.icook.tw//products/forestnoodles,"品名：森林寶寶麵,口味：竹山番薯／黃金南瓜／紫心番薯／新鮮蔬菜,成分：<code>竹山番薯</code> 竹山番薯、小麥麵粉／<code>黃金南瓜</code> 黃金南瓜、小麥麵粉／<code>紫心番薯</code> 紫心紫薯、小麥麵粉 ／<code>新鮮蔬菜</code> 季節蔬菜（夏：番薯葉，冬：菠菜）,重量：40g／包，8 包／盒,產地：台灣南投縣竹山鎮,保存期限：一年（拆封後建議半年內食用完畢）,保存方式：拆封後不須冷藏，放置於常溫陰涼處，避免陽光直射"
lisscode 照明除毛球機,lisscode,,580,https://market.icook.tw//products/lisscode-1,"品名：照明除毛球機,型號：LR01,顏色：白色,產品尺寸：<code>機身</code>  Ø7.2cm x H7.8cm／<code>刀片</code> Ø4.6cm ,重量：151g,材質：<code>機身</code> ABS／<code>刀片</code> 不鏽鋼／<code>掛繩</code> 人造皮革,額定電壓：DC 5V,額定輸入電流：0.6A,總額定消耗電功率：1.5W,馬達轉速：<code>低檔</code> 7000RPM／<code>高檔</code> 8000RPM,電池容量：1100mAh,照明亮度：40～50lm,內容物：除毛球機、Micro USB 充電線、說明書、清潔刷,產地：台灣品牌，中國製造"
D3 PRO長頸鹿智能可視挖耳棒,Bebird,,1290,https://market.icook.tw//products/bebird,
韓國 Dr.HOWS 露營系列,Dr.HOWS,,3280,https://market.icook.tw//products/drhows-camping,"品名：TWINKLE 擋風板,材質：cold rolled steel CR 冷軋鋼板,顏色：粉嫩紫、奶茶棕,重量：1.65kg,產地：韓國品牌，韓國設計，韓國製造"
可充式暖手寶／發熱披肩,Wonder,,1590,https://market.icook.tw//products/wonder-hot,"品名：Wonder 可機洗發熱保暖披肩,型號：WH-W29BU,尺寸：D160XW70xH0.6 cm,重量：0.6Kg,材質：100%聚脂纖維,額定輸入電壓／電流：5V／2A,國際條碼：4710577762176,產地：中國製造"
Easy Life 十月被,Easy Life,,2980,https://market.icook.tw//products/ten-month,"品名：十月被,內容物：十月被x1＋收納袋x1,顏色：<code>雙人</code> 晨光灰、晨光綠、線條奶茶、線條灰、晶彩虹、晶彩藍、沉穩藍、幻彩橘／<code>單人</code> 晨光灰、花語粉、晨光綠、格紋灰、線條奶茶、線條灰、小樹黃、小樹藍、晶彩虹、晶彩藍、沉穩藍,尺寸：<code>雙人</code> W180 x D220 cm／<code>單人</code> W150 x D220 cm,重量：<code>雙人</code> 1200g／<code>單人</code> 1000g ,材質：<code>表布</code> 15% 抗菌防蟎透氣布＋85% 聚酯纖維／<code>內裏</code> 90% 可水洗鴨絨 ＋10% 羽毛＋Fill Power 750,產地：台灣品牌，台灣設計，台灣製造,適用於：可水洗、低溫烘乾"
Suzzi積木旅行分裝瓶,Suzzi,,570,https://market.icook.tw//products/suzzi,"品名：Suzzi 積木旅行分裝瓶,內容物：積木旅行分裝瓶、用途標籤、吸盤,顏色：繽紛、希臘白、尼斯藍、京都粉、慕尼黑,尺寸：<code>S</code> D3.5xW10.7x7.8cm／<code>M</code> D3.5xW3.5x10cm／<code>L</code> D3.5xW3.5x12.1cm,容量：<code>S</code> 50ml／<code>M</code> 70ml／<code>L</code> 100ml,重量：<code>S</code> 140g／<code>M</code> 166g／<code>L</code> 198g,材質：<code>瓶身</code> 矽膠／<code>瓶蓋</code> ABS／<code>吸盤</code> TPR,產地：台灣品牌，台灣設計，台灣製造"
歐美淨 植萃酵素PLUS清潔劑,Omagic,,999,https://market.icook.tw//products/omagic,"品名：衣物手洗精劑,內容物：水、椰子油皂化物、酵素、蛋白質分解酵素、潔淨因子、抗菌劑、高級香精,容量：500ml,產地：台灣品牌，台灣製造,保存期限：三年,檢驗報告：SGS 不含有害物質認證、法國 ECOCERT 有機認證,本產品已投保新安東京海上產物產品責任險 1200 萬元,產品責任險字號：17000 字第 08ML000404 號"
TripPal 360度 全支撐旅行枕,TripPal,,1180,https://market.icook.tw//products/trippal,"品名：TripPal 360度 全支撐旅行枕,顏色：灰色,規格：Ｓ、Ｍ、Ｌ,材質：<code>內芯</code> 雙層聚胺酯（Polyurethane）／<code>布料</code> 聚酯纖維（polyester,Poly）,產地：美國品牌，美國設計，中國製造"
感應式泡沫洗手機,Lisscode,,980,https://market.icook.tw//products/automaticwash-lisscode,"品名：Lisscode 感應式泡沫洗手機,內容物：主機、三號鹼性電池x4、說明書,尺寸：D11XW6.8xH18 cm,重量：400g,水箱容量：300ml,材質：PP,額定電壓：6V,總消耗電功率：2.4W,產地：台灣品牌，中國製造"
Aurai酷熱敷水波式按摩眼罩,Aurai,,5580,https://market.icook.tw//products/vision-aurai,"品名：Aurai 酷熱敷水波式按摩眼罩,內容物：主機、Type-C 充電線、束口袋、加水瓶、說明書,尺寸：W18.2xD9.5xH7.9cm,重量：358g,材質：<code>機身</code> ABS／<code>眼窩墊</code> 醫療級矽膠,耐熱：<code>矽膠</code> 220°C,電池直流輸入：DC 5V / 2A,產地：台灣品牌，台灣設計，台灣製造,認證：符合 BSMI、CE、KC、FCC 多項檢驗標準"
AIWA兩用手持多功能蒸氣拖把,AIWA 愛華,,3680,https://market.icook.tw//products/aiwa,"品名：AIWA 兩用手持多功能蒸氣拖把,內容物：主機、拖把頭、拖把布x2、強力噴頭、尼龍毛刷x2、銅毛刷、水箱、加長桿、說明書 ,材質：<code>本體</code> ABS／<code>刷頭</code> 銅、尼龍毛,重量：1.95kg,產地：中國製造，日本品牌"
蒸好熨 雙電壓智能蒸氣小熨斗,Idea hom,,1390,https://market.icook.tw//products/steamiron,"品名：蒸好熨 雙電壓智能蒸氣小熨斗,內容物：主機、量杯、旅行收納袋,尺寸：D13.5XW7.6XH7.9 cm,水箱容量：40 ml,溫度範圍：65~230 ℃ ,額定電壓：100～120V ／220～240V,額定頻率：60Hz ,消耗電功率：420w ,產地：台灣品牌，中國製造"
Uffy 無非遠紅外線按摩梳,uffy 無非,,1580,https://market.icook.tw//products/uffy,"品名：Uffy 遠紅外線半永久貼片眼膜,材質：sistyle nsp+ 奈米矽土、醫療級矽膠,產地：台灣品牌，台灣設計，台灣製造,貼心提醒：黑眼圈的成因有很多種，遠紅外線並不能治療你的鼻竇炎或是睡眠不足，但是可以加速你的血液循環，淡化你因循環不好而產生的黑眼圈現象，只要貼著就有效果，超級簡單！"
Aurai即熱敷水波式按摩眼罩,Aurai,,4280,https://market.icook.tw//products/rio-aurai,"品名：Aurai 即熱敷水波式按摩眼罩,內容物：主機、Type-C 充電線、束口袋、加水瓶、說明書,尺寸：W18.2xD9.2xH7.9cm,重量：316g,材質：<code>機身</code> ABS／<code>眼窩墊</code> 醫療級矽膠,耐熱：<code>矽膠</code> 220°C,電池直流輸入：DC 5V / 3A,供電模式：內建鋰電池,充電／使用時間：充電約一個半小時，每次使用十分鐘,產地：台灣品牌，台灣設計，台灣製造,認證：符合 BSMI、CE、KC、FCC 多項檢驗標準"
法鉑馬賽皂/黑肥皂,Marius Fabre,,399,https://market.icook.tw//products/fabre,"品名：法鉑天然草本香氛皂,內容物：Sodium olivate, Sodium cocoate, Aqua, Glycerin,Sodium chloride, Sodium hydroxide.,香味：馬鞭草／法蘭西玫瑰／薰衣草／檀香／甜橙／無花果,重量：150克／250克,產地：法國,保存方式：詳見包裝，建議開封後一年內用畢,檢驗：SGS 不含塑化劑、界面活性劑"
FNG 環保寶特袋,FNG,,550,https://market.icook.tw//products/fng,"品名：FNG x 元泰竹藝社 改變竹吸管組,顏色：鳳梨冰茶／仙草甘茶,內容物：收納袋、粗吸管、細吸管、刷具,尺寸：收納袋 <code>收折</code> W25 x D0.8 x H9cm，<code>攤開</code> W25&amp; x D0.4 x H17cm／竹吸管 <code>粗吸管</code> ∅9~10mm x H21cm，<code>細吸管</code> ∅5~6mm x H21cm，<code>刷具</code> ∅6~7mm,重量：<code>收納袋</code> 32g／<code>竹吸管</code> 57g（含盒 90g）,材質：<code>收納袋</code> 100% 回收寶特瓶布料（rPET）、木釦／<code>竹吸管</code> 劍竹、羊毛,產地：台灣品牌，台灣設計，台灣製造,適用於：烘碗機,<span style=""color: #c0504d;"">注意事項：</span>本產品無提供保固服務"
軟硬式珪藻土吸水墊,Monsterstudios,,699,https://market.icook.tw//products/monsterstudios,"品名：軟硬兼施吸水地墊（rubber anne）,款式：大、小,內容物：<code>大</code> 硬式1片+軟式1片+止滑墊／<code>小</code> 硬式1片+軟式1片+止滑墊,顏色：<code>軟式</code><code></code> 英挺綠、率真綠、雀躍紫、高雅紫、深邃藍／<code>硬式</code> 六角幾何、繩編幾何、方塊幾何 ,尺寸：<code>大</code> W60xD39xH0.9cm／<code>小</code> W45xD40xH0.9cm,材質：超微細聚酯纖維、珪藻土等天然礦石複合添加物、天然植物萃取,產地：台灣品牌，台灣設計，台灣製造,檢測：符合歐盟 REACH、SGS、CNS 等產品安全標準,注意事項：此款硅藻土地墊，軟式部分可放於洗衣機機洗，硬式部分則不可機洗。"
韓國CatchMop神奇拖把,CatchMop,,900,https://market.icook.tw//products/catchmop,"品名：韓國 CatchMop 神奇拖鞋,顏色：橄欖綠、海軍藍、酒紅色、粉紅色 ,尺寸：D29xW13 cm ,材質：<code>內裡</code> 聚酯87+尼龍13%／<code>外料</code> 聚酯90%+尼龍10% ,用於：木地板、大理石地板、膠地板等,注意事項：在一般情況下不須加水使用，如遇頑固污垢，可加少量清水清潔。"
MOTO 輕巧無線藍牙耳機,Motorola,,1990,https://market.icook.tw//products/motovb300,"品名：PD+QC 快充行動電源（20000mAh）,顏色：鐵灰,產品尺寸：W6.8 x D13.8 x H2.8 cm,重量：350 g ,材質：ABS,額定輸入電壓／電流: Micro USB：5V／2A、Type-C：5V／3A，9V／2A，12V／1.5A,額定輸出電壓／電流：USB1：5V／3A、Type-C：PD-18W（5V／3A，9V／2A，12V／1.5A）、USB2：QC3.0（5V-6.5V／3A，6.5V-9V／2A，9V-12V／1.5A）,額定容量：5V／13000mAh，6.5V／10000mAh，9V／7000mAh，12V／5100mAh ,額定總輸出電壓／電流：5V／3A,電芯容量：20000mAh,產品保固：１年,內容物：充電線 x1、說明書（含保證卡）x1,產地：台灣品牌，中國製造,責任險：本商品已投保富邦產險 3500 萬產品責任險"
咖啡豆豆果汁杯,Punkhoo,,1499,https://market.icook.tw//products/cafedoudou,"品名：咖啡豆豆果汁杯,內容物：豆豆杯、咖啡濾網、果汁濾網、杯蓋、磁吸式充電線、說明書,顏色：果果粉、巧巧咖,尺寸：W80xD80xH175mm,重量：362g,容量：330ml,額定功率：60（MAX）,電池容量：800mAhx2,轉速：<code>單擊</code> 15000 RPM／<code>雙擊</code> 21000 RPM,材質：Tritan、304 不鏽鋼,耐熱：100°C,產地：中國製造"
Tierce 隨行濾杯,源源鋼藝,,790,https://market.icook.tw//products/tierce,"品名：Tierce 隨行濾杯,內容物：隨行濾杯*1、HARIO濾紙*15,尺寸：折疊尺寸140 × 72 × 4 mm；組裝尺寸102 × 95 × 67 mm,重量：25g,材質：日本彈性不鏽鋼,容量：1-2杯,適用杯徑：直徑 87 公厘以下,適用濾紙：錐形咖啡濾紙,產地：台灣設計製造"
Oceanrich G2磨豆機,Oceanrich,,2280,https://market.icook.tw//products/oceanrich-g2,"品名：Oceanrich 便攜式旋轉萃取咖啡機,顏色：白色木紋款／黑色木紋款,型號：S2,內容物：機體、水箱、咖啡濾杯、咖啡粉計量勺,尺寸：11.9 x 10.1 x 12cm,材質：<code>本體</code> ABS／<code>底部</code> PP／<code>咖啡濾杯、水箱</code> Tritan,重量：200g（不含電池）,電池：DC3V AAA4 號電池 2 顆（建議使用一般乾電池，如鹼性電池）,產地：台灣品牌，台灣設計，中國製造"
日本麗克特咖啡飲品系列,recolte 麗克特,,3980,https://market.icook.tw//products/recolte-coffee,"<span style=""color: #1f497d;"">品名：recolte 雙層耐熱玻璃杯</span>,容量：200ml,體積：∅7.5 x H9cm,重量：125g,材質：耐熱玻璃,耐溫差：120℃,產地：日本設計，中國製造"
Oceanrich旋轉咖啡機,Oceanrich,,1999,https://market.icook.tw//products/oceanrich,"品名：完美萃取旋轉咖啡機,顏色：白色／黑色,型號：8350,內容物：水箱蓋、水箱、機體、咖啡濾杯、玻璃壺、咖啡粉計量勺,尺寸：168 x 168 x 298 mm,材質：<code>本體</code> ABS／<code>底部</code> PP／<code>咖啡濾杯、水箱</code> Tritan／<code>玻璃壺</code> 玻璃,耐溫：SGS 95°C 認證、法國必維國際檢驗 Bureau Veritas 100°C 認證,重量：0.9kg（不含電池）,電壓：DC3V AA 3號電池 2 顆（建議使用一般乾電池，如鹼性電池）,產地：中國,<span style=""color: #c0504d;"">注意事項</span>："
Oceanrich電動磨豆機,Oceanrich,,1580,https://market.icook.tw//products/oceanrich-grinder,"品名：Oceanrich 便攜式旋轉萃取咖啡機,顏色：愛的粉／孩子藍,型號：S2,內容物：機體、水箱、咖啡濾杯、咖啡粉計量勺,尺寸：11.9 x 10.1 x 12cm,材質：<code>本體</code> ABS／<code>底部</code> PP／<code>咖啡濾杯、水箱</code> Tritan,重量：200g（不含電池）,電池：DC3V AAA4 號電池 2 顆（建議使用一般乾電池，如鹼性電池）,產地：台灣品牌，台灣設計，中國製造"
A-IDIO 手沖咖啡器具,A-IDIO,,3480,https://market.icook.tw//products/aidio,"品名：A-IDIO 精工手搖磨豆機,材料：精密陶瓷，304 不鏽鋼，塑膠（壓克力、PP）,容量：<code>進豆槽</code> 25g／<code>集粉槽</code> 35g,尺寸：∅5 x H20cm／<code>手柄</code> 11cm,產地：台灣設計品管，中國製造"
美國 Asobu 冷萃咖啡壺,美國 Asobu,,2480,https://market.icook.tw//products/asobu,"品名：Asobu 冷萃咖啡壺,顏色：黑色／白色／銅色／銀色,尺寸：12 x 12 x 31cm,重量：1.1kg（含包裝重量：1.5kg）,容量：1000ml,材質：304 等級不鏽鋼、Tritan,內容物：冷萃咖啡壺、說明書,產地：加拿大設計、中國製造,保固：原廠保固 1 年"
Driver 3倍速冰滴咖啡壺,Driver,,1499,https://market.icook.tw//products/drivercoffee,"品名：Driver 3倍速冰滴咖啡壺,型號：DR-30363-TR,尺寸：<code>承水上座</code> Ø10xH12.8 cm／<code>分水盤</code> Ø10xH1.2 cm／<code>下水壺</code> Ø10xH15.2 cm／<code>3倍速粉槽</code> Ø10xH7 cm,容量：600ml,重量：485±5g,材質：<code>承水上座</code> AS／<code>分水盤</code> AS／<code>下水壺</code> 耐熱玻璃／<code>3倍速粉槽</code> AS、SUS304 不鏽鋼濾網,耐冷熱：<code>AS</code> 80～95°C／<code>耐熱玻璃</code> 120°C,產地：台灣品牌，台灣設計，台灣製造,檢驗：符合 SGS 不含雙酚 A 合格認證,本產品已投保富邦 1000 萬產品責任險"
